id,contest_id,title
1,5,D'Amore-Reilly
2,1,Feeney-Dietrich
3,26,Schoen-Jaskolski
4,28,"Walsh, Lubowitz and Haag"
5,3,"Leannon, Nikolaus and Gerhold"
6,10,"Douglas, Harber and Heller"
7,14,Torphy Inc
8,12,"Balistreri, Skiles and Erdman"
9,7,"Crooks, Hagenes and Stroman"
10,9,Hodkiewicz-Grimes
11,20,O'Conner-Ernser
12,7,"Botsford, Murphy and Buckridge"
13,28,"Sporer, Nikolaus and Gerhold"
14,25,Bernier Inc
15,25,Hintz LLC
16,17,Weber-Smitham
17,7,Gerlach-Rodriguez
18,28,Cronin-Littel
19,29,Wiegand-Huels
20,1,Cormier LLC
21,6,Gutkowski-Kertzmann
22,5,Bashirian Group
23,19,Homenick and Sons
24,4,"Roberts, Walter and Marks"
25,12,"Wunsch, Goldner and Fahey"
26,12,Casper-O'Keefe
27,14,Ernser Inc
28,2,"Mosciski, Considine and Marquardt"
29,3,Frami LLC
30,9,"Wintheiser, Bosco and Johnston"
31,23,Zboncak-Murazik
32,26,Lang LLC
33,1,Grady-Graham
34,12,"Tillman, Volkman and Lubowitz"
35,10,Hickle-Hane
36,14,"Langosh, Terry and Price"
37,6,Hettinger-Boyer
38,8,Schiller LLC
39,15,"Brakus, Stroman and Buckridge"
40,1,"Hudson, Toy and Wiza"
41,9,"Nolan, Conroy and Ritchie"
42,10,"Tromp, Vandervort and Metz"
43,8,Borer Inc
44,21,Koch Group
45,19,"Berge, Legros and Jenkins"
46,16,Wisoky Inc
47,19,Jerde and Sons
48,1,Hartmann-Jaskolski
49,1,Kulas-Bahringer
50,1,Beier-Daugherty
51,27,"Smith, Lockman and Russel"
52,10,"Roberts, Crist and Rowe"
53,9,"Crooks, Schowalter and Conn"
54,24,Wuckert and Sons
55,3,Brekke-Hills
56,14,"Terry, Cormier and Rohan"
57,9,Ritchie-Wintheiser
58,24,Will-Schaden
59,20,"Heaney, Quigley and Yost"
60,10,"Rice, Rolfson and Cole"
61,11,"Hamill, Keebler and O'Connell"
62,9,Murray and Sons
63,3,Blick LLC
64,25,"Reichert, Farrell and Nicolas"
65,21,"Donnelly, Crooks and Bergstrom"
66,6,Lindgren Inc
67,26,Breitenberg and Sons
68,14,"Feest, Fay and Stiedemann"
69,2,Grady and Sons
70,26,Howell-McLaughlin
71,5,"Nader, Morissette and Murphy"
72,30,Schulist and Sons
73,16,"Stehr, Pfeffer and Witting"
74,22,"Grant, Mills and Yundt"
75,7,Hoppe-Nitzsche
76,28,Heidenreich-Runolfsson
77,8,"Howe, Stroman and Sporer"
78,23,Bailey Inc
79,18,"Ebert, Okuneva and Crooks"
80,26,"Daugherty, Kuhic and Von"
81,30,Kulas-DuBuque
82,29,Feil-Homenick
83,12,Morissette Inc
84,30,"Bernhard, Grady and Hammes"
85,9,"Kreiger, Metz and Borer"
86,30,"Hyatt, Herzog and Metz"
87,5,"Abbott, Macejkovic and Yundt"
88,21,Beer Inc
89,8,Hilll-Kreiger
90,18,"Abernathy, Stokes and Gerhold"
91,16,"Brakus, Runte and Cartwright"
92,19,Yost-Stoltenberg
93,27,Borer-Conn
94,11,Kuhn-Beahan
95,7,Bosco-Zemlak
96,27,Kiehn-Lueilwitz
97,18,Gusikowski-Gislason
98,3,Littel and Sons
99,23,Hudson-Klocko
100,20,Walsh-Beer
101,4,"Bayer, Cummings and Rohan"
102,16,"Ryan, Dare and Conn"
103,3,Swift-Zulauf
104,23,"Kiehn, Zulauf and Wiegand"
105,29,Mertz-Rath
106,24,Kreiger Inc
107,10,Witting-Emmerich
108,6,Stiedemann Group
109,22,Cummerata Group
110,26,"Keebler, Ward and Wolff"
111,3,Mohr-Spinka
112,25,"Stokes, Reichel and Keeling"
113,27,Kub-Reilly
114,17,"Marks, Tremblay and Parker"
115,24,Dietrich Group
116,5,Renner and Sons
117,16,"Sipes, Corkery and Hintz"
118,22,Feeney LLC
119,2,Buckridge Inc
120,14,Corwin Group
121,1,"Renner, Brakus and Weimann"
122,25,"Hoeger, Lindgren and Schmidt"
123,13,"Crona, Sauer and Mante"
124,12,Kihn and Sons
125,16,Wilderman-Bogan
126,5,"Beatty, Davis and Hermiston"
127,27,Hammes-Bins
128,5,Williamson-Bahringer
129,6,Mraz-Sawayn
130,28,Zulauf-Shields
131,26,Rempel Inc
132,21,Ryan-Hyatt
133,8,Durgan LLC
134,20,Kozey Group
135,24,Rosenbaum-Kozey
136,18,"Kutch, Gaylord and Bechtelar"
137,8,"Doyle, Kuhic and Botsford"
138,1,"Bins, Jast and Roob"
139,18,"Connelly, Wuckert and Fritsch"
140,22,"Waters, Hills and Mertz"
141,21,"Gusikowski, Jast and Ankunding"
142,24,McKenzie Group
143,29,Heller and Sons
144,10,Gaylord LLC
145,27,Cummerata-Shanahan
146,20,Bosco-Mertz
147,23,"Rolfson, Prosacco and Mohr"
148,30,Romaguera-Reinger
149,28,Jacobson-Schimmel
150,2,Nolan-Hessel
