id,name
1,Adelaida Reignolds
2,Fairlie Matus
3,Ilene Chastelain
4,Had Hamley
5,Freddie Cannam
6,Gayelord Crosser
7,Dore Adney
8,Thane Mousby
9,Brooks Fynn
10,Omero Ashby
11,Allsun Harrower
12,Kalindi Swafield
13,Daisy Blacksell
14,Goldia Bagehot
15,Allianora Ioselevich
16,Melisande Jedrzejewicz
17,Christy Reveley
18,Karlens Touhig
19,Zahara Kayley
20,Kellsie Yitzovitz
21,Keely Barroux
22,Mikaela Harradine
23,Nessy Colledge
24,Wernher Cosgrove
25,Cornelia McLorinan
26,Worth Reardon
27,Ruddie Raubheim
28,Tawnya Tunnah
29,Robbert Sedgman
30,Brnaba Stert
31,Paco Tumielli
32,Ranique Buist
33,Alley Gooddy
34,Jordon Gerrish
35,Catriona Eveque
36,Michale Muscroft
37,Imogen Gommey
38,Alika Normanell
39,Gwenora Ricarde
40,Jae Hardi
41,Coleman Poller
42,Chiarra O'Dreain
43,Delphine Ricards
44,Consuelo McCumesky
45,Margy Henaughan
46,Robbi McDonand
47,Che Fetherby
48,Mareah Trythall
49,Jeanine Layus
50,Lexine Pietrzyk
51,Jojo Vaughton
52,Ava Forri
53,Nestor Hallowell
54,Engracia Sewter
55,Ichabod Burgisi
56,Mame Folonin
57,Sondra Leckenby
58,Nev Pidduck
59,Anna-diane Torregiani
60,Paige Aherne
61,Evered Syms
62,Pierette Aslet
63,Fergus Godball
64,Gay Benjafield
65,Curcio Chuney
66,Raddy Romaine
67,Rhianon Aistrop
68,Dinny Courvert
69,Bobette Kerne
70,Weidar Gearing
71,Redd Rapper
72,Alia Dutch
73,Carmina Correa
74,Nicola Wisbey
75,Georgeanna Dovington
76,Siegfried Laye
77,Culver Zucker
78,Benedick Dionisi
79,Cash Sallans
80,Norry Spellworth
81,Emory Woodier
82,Milli Gyer
83,Keane Emmison
84,Giff Been
85,Karl Delph
86,Garold Offield
87,Margaretta Farady
88,Perkin Buckler
89,Dot Wyllcocks
90,Fiorenze Fidoe
91,Tristam Hoy
92,Deane Toffler
93,Clemens Somerset
94,Cleopatra Blue
95,Gray Aspinall
96,Rea Goly
97,Jacki Gheorghescu
98,Nady Scibsey
99,Tilda Gidman
100,Padgett Puddle
101,Maren Risborough
102,Dawna Dewdney
103,Gabriela Vanyushin
104,Tynan Hosby
105,Anstice Kelway
106,Mimi Kezar
107,Justus Gonsalvez
108,Bethanne Carle
109,Taddeo Hauxley
110,Augustina Geaves
111,Lincoln Swadling
112,Moyra Sheekey
113,Daisy McKennan
114,Yalonda Jeffery
115,Delinda Veque
116,Didi Gilberthorpe
117,Lelia Creggan
118,Alan Prickett
119,Kalindi Crux
120,Federica Pudner
121,Forster Nelthropp
122,Freddie Firks
123,Sherye Philippon
124,Haily MacCafferty
125,Blythe Browncey
126,Cody Lyptratt
127,Whitman Burrill
128,Mendy Rive
129,Sandy Woolfall
130,Barnie Queripel
131,Danica Doorey
132,Hallie Marieton
133,Arda Larrett
134,Vincents Mochar
135,Damara Devorill
136,Brocky Heys
137,Morley Stabbins
138,Elaina Riteley
139,Eula Raff
140,Leonie Garrick
141,Robyn McGowran
142,Rorie Calken
143,Jean Gwillyam
144,Claybourne Ruggieri
145,Virginia Haig
146,Nerty O'Shee
147,Constantin Rathjen
148,Lindsey Pennycock
149,Bertie MacTrustam
150,Joaquin Pietrowicz
